{
  "1234567": {
    "type_getbackpack": "default_backpack",
    "avatar": "902000207",
    "banner": "901000194",
    "emotes": [],
    "gun_id": "907292607",
    "skin_equiped": "d49ce2618195e66080c38566fa9fa561a3b6ce64",
    "time_number": "2h",
    "expiry_time": "2025-12-15T21:49:48.965Z"
  },
  "123456789": {
    "type_getbackpack": "default_backpack",
    "avatar": "f105a5c736160681b5541d37aec10f2d",
    "banner": "901000194",
    "emotes": [],
    "gun_id": "907292607",
    "skin_equiped": "d49ce2618195e66080c38566fa9fa561a3b6ce64",
    "time_number": "2h",
    "expiry_time": "2025-12-15T22:21:12.617Z"
  },
  "151961962": {
    "type_getbackpack": "default_backpack",
    "avatar": "902000207",
    "banner": "901000194",
    "emotes": [],
    "gun_id": "907292607",
    "skin_equiped": "d49ce2618195e66080c38566fa9fa561a3b6ce64",
    "time_number": "2h",
    "expiry_time": "2025-12-15T01:40:00.143Z"
  }
}